<?xml version="1.0" encoding="UTF-8"?>
<!DOCTYPE hibernate-configuration PUBLIC
        "-//Hibernate/Hibernate Configuration DTD 3.0//EN"
        "http://www.hibernate.org/dtd/hibernate-configuration-3.0.dtd">
<hibernate-configuration>
    <session-factory>
        <!-- Database connection settings -->
        <property name="connection.driver_class">com.mysql.jdbc.Driver</property>
        <property name="connection.url">jdbc:mysql://localhost:60/fadb</property>
        <property name="connection.username">root</property>
        <property name="connection.password"></property>
        <!-- JDBC connection pool (use the built-in) --> <property name="connection.pool_size">10</property>
        <!-- SQL dialect --> <property name="dialect">org.hibernate.dialect.MySQLDialect</property>

        <property name="hbm2ddl.auto">update</property>
        <property name="show_sql">true</property>
        <mapping class="training.hibernate.model.Employee"/>
    </session-factory>
</hibernate-configuration>